Sample in Buffer,Sample in Window,TRIGGER,u_ddr3_ctrl_2port/u_fifo_axi4_adapter/fifo_to_axi4_inst/w_done,u_ddr3_ctrl_2port/u_fifo_axi4_adapter/fifo_to_axi4_inst/m_axi_awaddr[31:0]
0,0,0,0,001c1e00
1,1,0,0,001c1e00
2,2,0,0,001c1e00
3,3,0,0,001c1e00
4,4,0,0,001c1e00
5,5,0,0,001c1e00
6,6,0,0,001c1e00
7,7,0,0,001c1e00
8,8,0,0,001c1e00
9,9,0,0,001c1e00
10,10,0,0,001c1e00
11,11,0,0,001c1e00
12,12,0,0,001c1e00
13,13,0,0,001c1e00
14,14,0,0,001c1e00
15,15,0,0,001c1e00
16,16,0,0,001c1e00
17,17,0,0,001c1e00
18,18,0,0,001c1e00
19,19,0,0,001c1e00
20,20,0,0,001c1e00
21,21,0,0,001c1e00
22,22,0,0,001c1e00
23,23,0,0,001c1e00
24,24,0,0,001c1e00
25,25,0,0,001c1e00
26,26,0,0,001c1e00
27,27,0,0,001c1e00
28,28,0,0,001c1e00
29,29,0,0,001c1e00
30,30,0,0,001c1e00
31,31,0,0,001c1e00
32,32,0,0,001c1e00
33,33,0,0,001c1e00
34,34,0,0,001c1e00
35,35,0,0,001c1e00
36,36,0,0,001c1e00
37,37,0,0,001c1e00
38,38,0,0,001c1e00
39,39,0,0,001c1e00
40,40,0,0,001c1e00
41,41,0,0,001c1e00
42,42,0,0,001c1e00
43,43,0,0,001c1e00
44,44,0,0,001c1e00
45,45,0,0,001c1e00
46,46,0,0,001c1e00
47,47,0,0,001c1e00
48,48,0,0,001c1e00
49,49,0,0,001c1e00
50,50,0,0,001c1e00
51,51,0,0,001c1e00
52,52,0,0,001c1e00
53,53,0,0,001c1e00
54,54,0,0,001c1e00
55,55,0,0,001c1e00
56,56,0,0,001c1e00
57,57,0,0,001c1e00
58,58,0,0,001c1e00
59,59,0,0,001c1e00
60,60,0,0,001c1e00
61,61,0,0,001c1e00
62,62,0,0,001c1e00
63,63,0,0,001c1e00
64,64,0,0,001c1e00
65,65,0,0,001c1e00
66,66,0,0,001c1e00
67,67,0,0,001c1e00
68,68,0,0,001c1e00
69,69,0,0,001c1e00
70,70,0,0,001c1e00
71,71,0,0,001c1e00
72,72,0,0,001c1e00
73,73,0,0,001c1e00
74,74,0,0,001c1e00
75,75,0,0,001c1e00
76,76,0,0,001c1e00
77,77,0,0,001c1e00
78,78,0,0,001c1e00
79,79,0,0,001c1e00
80,80,0,0,001c1e00
81,81,0,0,001c1e00
82,82,0,0,001c1e00
83,83,0,0,001c1e00
84,84,0,0,001c1e00
85,85,0,0,001c1e00
86,86,0,0,001c1e00
87,87,0,0,001c1e00
88,88,0,0,001c1e00
89,89,0,0,001c1e00
90,90,0,0,001c1e00
91,91,0,0,001c1e00
92,92,0,0,001c1e00
93,93,0,0,001c1e00
94,94,0,0,001c1e00
95,95,0,0,001c1e00
96,96,0,0,001c1e00
97,97,0,0,001c1e00
98,98,0,0,001c1e00
99,99,0,0,001c1e00
100,100,0,0,001c1e00
101,101,0,0,001c1e00
102,102,0,0,001c1e00
103,103,0,0,001c1e00
104,104,0,0,001c1e00
105,105,0,0,001c1e00
106,106,0,0,001c1e00
107,107,0,0,001c1e00
108,108,0,0,001c1e00
109,109,0,0,001c1e00
110,110,0,0,001c1e00
111,111,0,0,001c1e00
112,112,0,0,001c1e00
113,113,0,0,001c1e00
114,114,0,0,001c1e00
115,115,0,0,001c1e00
116,116,0,0,001c1e00
117,117,0,0,001c1e00
118,118,0,0,001c1e00
119,119,0,0,001c1e00
120,120,0,0,001c1e00
121,121,0,0,001c1e00
122,122,0,0,001c1e00
123,123,0,0,001c1e00
124,124,0,0,001c1e00
125,125,0,0,001c1e00
126,126,0,0,001c1e00
127,127,0,0,001c1e00
128,128,0,0,001c1e00
129,129,0,0,001c1e00
130,130,0,0,001c1e00
131,131,0,0,001c1e00
132,132,0,0,001c1e00
133,133,0,0,001c1e00
134,134,0,0,001c1e00
135,135,0,0,001c1e00
136,136,0,0,001c1e00
137,137,0,0,001c1e00
138,138,0,0,001c1e00
139,139,0,0,001c1e00
140,140,0,0,001c1e00
141,141,0,0,001c1e00
142,142,0,0,001c1e00
143,143,0,0,001c1e00
144,144,0,0,001c1e00
145,145,0,0,001c1e00
146,146,0,0,001c1e00
147,147,0,0,001c1e00
148,148,0,0,001c1e00
149,149,0,0,001c1e00
150,150,0,0,001c1e00
151,151,0,0,001c1e00
152,152,0,0,001c1e00
153,153,0,0,001c1e00
154,154,0,0,001c1e00
155,155,0,0,001c1e00
156,156,0,0,001c1e00
157,157,0,0,001c1e00
158,158,0,0,001c1e00
159,159,0,0,001c1e00
160,160,0,0,001c1e00
161,161,0,0,001c1e00
162,162,0,0,001c1e00
163,163,0,0,001c1e00
164,164,0,0,001c1e00
165,165,0,0,001c1e00
166,166,0,0,001c1e00
167,167,0,0,001c1e00
168,168,0,0,001c1e00
169,169,0,0,001c1e00
170,170,0,0,001c1e00
171,171,0,0,001c1e00
172,172,0,0,001c1e00
173,173,0,0,001c1e00
174,174,0,0,001c1e00
175,175,0,0,001c1e00
176,176,0,0,001c1e00
177,177,0,0,001c1e00
178,178,0,0,001c1e00
179,179,0,0,001c1e00
180,180,0,0,001c1e00
181,181,0,0,001c1e00
182,182,0,0,001c1e00
183,183,0,0,001c1e00
184,184,0,0,001c1e00
185,185,0,0,001c1e00
186,186,0,0,001c1e00
187,187,0,0,001c1e00
188,188,0,0,001c1e00
189,189,0,0,001c1e00
190,190,0,0,001c1e00
191,191,0,0,001c1e00
192,192,0,0,001c1e00
193,193,0,0,001c1e00
194,194,0,0,001c1e00
195,195,0,0,001c1e00
196,196,0,0,001c1e00
197,197,0,0,001c1e00
198,198,0,0,001c1e00
199,199,0,0,001c1e00
200,200,0,0,001c1e00
201,201,0,0,001c1e00
202,202,0,0,001c1e00
203,203,0,0,001c1e00
204,204,0,0,001c1e00
205,205,0,0,001c1e00
206,206,0,0,001c1e00
207,207,0,0,001c1e00
208,208,0,0,001c1e00
209,209,0,0,001c1e00
210,210,0,0,001c1e00
211,211,0,0,001c1e00
212,212,0,0,001c1e00
213,213,0,0,001c1e00
214,214,0,0,001c1e00
215,215,0,0,001c1e00
216,216,0,0,001c1e00
217,217,0,0,001c1e00
218,218,0,0,001c1e00
219,219,0,0,001c1e00
220,220,0,0,001c1e00
221,221,0,0,001c1e00
222,222,0,0,001c1e00
223,223,0,0,001c1e00
224,224,0,0,001c1e00
225,225,0,0,001c1e00
226,226,0,0,001c1e00
227,227,0,0,001c1e00
228,228,0,0,001c1e00
229,229,0,0,001c1e00
230,230,0,0,001c1e00
231,231,0,0,001c1e00
232,232,0,0,001c1e00
233,233,0,0,001c1e00
234,234,0,0,001c1e00
235,235,0,0,001c1e00
236,236,0,0,001c1e00
237,237,0,0,001c1e00
238,238,0,0,001c1e00
239,239,0,0,001c1e00
240,240,0,0,001c1e00
241,241,0,0,001c1e00
242,242,0,0,001c1e00
243,243,0,0,001c1e00
244,244,0,0,001c1e00
245,245,0,0,001c1e00
246,246,0,0,001c1e00
247,247,0,0,001c1e00
248,248,0,0,001c1e00
249,249,0,0,001c1e00
250,250,0,0,001c1e00
251,251,0,0,001c1e00
252,252,0,0,001c1e00
253,253,0,0,001c1e00
254,254,0,0,001c1e00
255,255,0,0,001c1e00
256,256,0,0,001c1e00
257,257,0,0,001c1e00
258,258,0,0,001c1e00
259,259,0,0,001c1e00
260,260,0,0,001c1e00
261,261,0,0,001c1e00
262,262,0,0,001c1e00
263,263,0,0,001c1e00
264,264,0,0,001c1e00
265,265,0,0,001c1e00
266,266,0,0,001c1e00
267,267,0,0,001c1e00
268,268,0,0,001c1e00
269,269,0,0,001c1e00
270,270,0,0,001c1e00
271,271,0,0,001c1e00
272,272,0,0,001c1e00
273,273,0,0,001c1e00
274,274,0,0,001c1e00
275,275,0,0,001c1e00
276,276,0,0,001c1e00
277,277,0,0,001c1e00
278,278,0,0,001c1e00
279,279,0,0,001c1e00
280,280,0,0,001c1e00
281,281,0,0,001c1e00
282,282,0,0,001c1e00
283,283,0,0,001c1e00
284,284,0,0,001c1e00
285,285,0,0,001c1e00
286,286,0,0,001c1e00
287,287,0,0,001c1e00
288,288,0,0,001c1e00
289,289,0,0,001c1e00
290,290,0,0,001c1e00
291,291,0,0,001c1e00
292,292,0,0,001c1e00
293,293,0,0,001c1e00
294,294,0,0,001c1e00
295,295,0,0,001c1e00
296,296,0,0,001c1e00
297,297,0,0,001c1e00
298,298,0,0,001c1e00
299,299,0,0,001c1e00
300,300,0,0,001c1e00
301,301,0,0,001c1e00
302,302,0,0,001c1e00
303,303,0,0,001c1e00
304,304,0,0,001c1e00
305,305,0,0,001c1e00
306,306,0,0,001c1e00
307,307,0,0,001c1e00
308,308,0,0,001c1e00
309,309,0,0,001c1e00
310,310,0,0,001c1e00
311,311,0,0,001c1e00
312,312,0,0,001c1e00
313,313,0,0,001c1e00
314,314,0,0,001c1e00
315,315,0,0,001c1e00
316,316,0,0,001c1e00
317,317,0,0,001c1e00
318,318,0,0,001c1e00
319,319,0,0,001c1e00
320,320,0,0,001c1e00
321,321,0,0,001c1e00
322,322,0,0,001c1e00
323,323,0,0,001c1e00
324,324,0,0,001c1e00
325,325,0,0,001c1e00
326,326,0,0,001c1e00
327,327,0,0,001c1e00
328,328,0,0,001c1e00
329,329,0,0,001c1e00
330,330,0,0,001c1e00
331,331,0,0,001c1e00
332,332,0,0,001c1e00
333,333,0,0,001c1e00
334,334,0,0,001c1e00
335,335,0,0,001c1e00
336,336,0,0,001c1e00
337,337,0,0,001c1e00
338,338,0,0,001c1e00
339,339,0,0,001c1e00
340,340,0,0,001c1e00
341,341,0,0,001c1e00
342,342,0,0,001c1e00
343,343,0,0,001c1e00
344,344,0,0,001c1e00
345,345,0,0,001c1e00
346,346,0,0,001c1e00
347,347,0,0,001c1e00
348,348,0,0,001c1e00
349,349,0,0,001c1e00
350,350,0,0,001c1e00
351,351,0,0,001c1e00
352,352,0,0,001c1e00
353,353,0,0,001c1e00
354,354,0,0,001c1e00
355,355,0,0,001c1e00
356,356,0,0,001c1e00
357,357,0,0,001c1e00
358,358,0,0,001c1e00
359,359,0,0,001c1e00
360,360,0,0,001c1e00
361,361,0,0,001c1e00
362,362,0,0,001c1e00
363,363,0,0,001c1e00
364,364,0,0,001c1e00
365,365,0,0,001c1e00
366,366,0,0,001c1e00
367,367,0,0,001c1e00
368,368,0,0,001c1e00
369,369,0,0,001c1e00
370,370,0,0,001c1e00
371,371,0,0,001c1e00
372,372,0,0,001c1e00
373,373,0,0,001c1e00
374,374,0,0,001c1e00
375,375,0,0,001c1e00
376,376,0,0,001c1e00
377,377,0,0,001c1e00
378,378,0,0,001c1e00
379,379,0,0,001c1e00
380,380,0,0,001c1e00
381,381,0,0,001c1e00
382,382,0,0,001c1e00
383,383,0,0,001c1e00
384,384,0,0,001c1e00
385,385,0,0,001c1e00
386,386,0,0,001c1e00
387,387,0,0,001c1e00
388,388,0,0,001c1e00
389,389,0,0,001c1e00
390,390,0,0,001c1e00
391,391,0,0,001c1e00
392,392,0,0,001c1e00
393,393,0,0,001c1e00
394,394,0,0,001c1e00
395,395,0,0,001c1e00
396,396,0,0,001c1e00
397,397,0,0,001c1e00
398,398,0,0,001c1e00
399,399,0,0,001c1e00
400,400,0,0,001c1e00
401,401,0,0,001c1e00
402,402,0,0,001c1e00
403,403,0,0,001c1e00
404,404,0,0,001c1e00
405,405,0,0,001c1e00
406,406,0,0,001c1e00
407,407,0,0,001c1e00
408,408,0,0,001c1e00
409,409,0,0,001c1e00
410,410,0,0,001c1e00
411,411,0,0,001c1e00
412,412,0,0,001c1e00
413,413,0,0,001c1e00
414,414,0,0,001c1e00
415,415,0,0,001c1e00
416,416,0,0,001c1e00
417,417,0,0,001c1e00
418,418,0,0,001c1e00
419,419,0,0,001c1e00
420,420,0,0,001c1e00
421,421,0,0,001c1e00
422,422,0,0,001c1e00
423,423,0,0,001c1e00
424,424,0,0,001c1e00
425,425,0,0,001c1e00
426,426,0,0,001c1e00
427,427,0,0,001c1e00
428,428,0,0,001c1e00
429,429,0,0,001c1e00
430,430,0,0,001c1e00
431,431,0,0,001c1e00
432,432,0,0,001c1e00
433,433,0,0,001c1e00
434,434,0,0,001c1e00
435,435,0,0,001c1e00
436,436,0,0,001c1e00
437,437,0,0,001c1e00
438,438,0,0,001c1e00
439,439,0,0,001c1e00
440,440,0,0,001c1e00
441,441,0,0,001c1e00
442,442,0,0,001c1e00
443,443,0,0,001c1e00
444,444,0,0,001c1e00
445,445,0,0,001c1e00
446,446,0,0,001c1e00
447,447,0,0,001c1e00
448,448,0,0,001c1e00
449,449,0,0,001c1e00
450,450,0,0,001c1e00
451,451,0,0,001c1e00
452,452,0,0,001c1e00
453,453,0,0,001c1e00
454,454,0,0,001c1e00
455,455,0,0,001c1e00
456,456,0,0,001c1e00
457,457,0,0,001c1e00
458,458,0,0,001c1e00
459,459,0,0,001c1e00
460,460,0,0,001c1e00
461,461,0,0,001c1e00
462,462,0,0,001c1e00
463,463,0,0,001c1e00
464,464,0,0,001c1e00
465,465,0,0,001c1e00
466,466,0,0,001c1e00
467,467,0,0,001c1e00
468,468,0,0,001c1e00
469,469,0,0,001c1e00
470,470,0,0,001c1e00
471,471,0,0,001c1e00
472,472,0,0,001c1e00
473,473,0,0,001c1e00
474,474,0,0,001c1e00
475,475,0,0,001c1e00
476,476,0,0,001c1e00
477,477,0,0,001c1e00
478,478,0,0,001c1e00
479,479,0,0,001c1e00
480,480,0,0,001c1e00
481,481,0,0,001c1e00
482,482,0,0,001c1e00
483,483,0,0,001c1e00
484,484,0,0,001c1e00
485,485,0,0,001c1e00
486,486,0,0,001c1e00
487,487,0,0,001c1e00
488,488,0,0,001c1e00
489,489,0,0,001c1e00
490,490,0,0,001c1e00
491,491,0,0,001c1e00
492,492,0,0,001c1e00
493,493,0,0,001c1e00
494,494,0,0,001c1e00
495,495,0,0,001c1e00
496,496,0,0,001c1e00
497,497,0,0,001c1e00
498,498,0,0,001c1e00
499,499,0,0,001c1e00
500,500,0,0,001c1e00
501,501,0,0,001c1e00
502,502,0,0,001c1e00
503,503,0,0,001c1e00
504,504,0,0,001c1e00
505,505,0,0,001c1e00
506,506,0,0,001c1e00
507,507,0,0,001c1e00
508,508,0,0,001c1e00
509,509,0,0,001c1e00
510,510,0,0,001c1e00
511,511,0,0,001c1e00
512,512,0,0,001c1e00
513,513,0,0,001c1e00
514,514,0,0,001c1e00
515,515,0,0,001c1e00
516,516,0,0,001c1e00
517,517,0,0,001c1e00
518,518,0,0,001c1e00
519,519,0,0,001c1e00
520,520,0,0,001c1e00
521,521,0,0,001c2000
522,522,0,0,001c2000
523,523,0,0,001c2000
524,524,0,0,001c2000
525,525,0,0,001c2000
526,526,0,0,001c2000
527,527,0,0,001c2000
528,528,0,0,001c2000
529,529,0,0,001c2000
530,530,0,0,001c2000
531,531,0,0,001c2000
532,532,0,0,001c2000
533,533,0,0,001c2000
534,534,0,0,001c2000
535,535,0,0,001c2000
536,536,0,0,001c2000
537,537,0,0,001c2000
538,538,0,0,001c2000
539,539,0,0,001c2000
540,540,0,0,001c2000
541,541,0,0,001c2000
542,542,0,0,001c2000
543,543,0,0,001c2000
544,544,0,0,001c2000
545,545,0,0,001c2000
546,546,0,0,001c2000
547,547,0,0,001c2000
548,548,0,0,001c2000
549,549,0,0,001c2000
550,550,0,0,001c2000
551,551,0,0,001c2000
552,552,0,0,001c2000
553,553,0,0,001c2000
554,554,0,0,001c2000
555,555,0,0,001c2000
556,556,0,0,001c2000
557,557,0,0,001c2000
558,558,0,0,001c2000
559,559,0,0,001c2000
560,560,0,0,001c2000
561,561,0,0,001c2000
562,562,0,0,001c2000
563,563,0,0,001c2000
564,564,0,0,001c2000
565,565,0,0,001c2000
566,566,0,0,001c2000
567,567,0,0,001c2000
568,568,0,0,001c2000
569,569,0,0,001c2000
570,570,0,0,001c2000
571,571,0,0,001c2000
572,572,0,0,001c2000
573,573,0,0,001c2000
574,574,0,0,001c2000
575,575,0,0,001c2000
576,576,0,0,001c2000
577,577,0,0,001c2000
578,578,0,0,001c2000
579,579,0,0,001c2000
580,580,0,0,001c2000
581,581,0,0,001c2000
582,582,0,0,001c2000
583,583,0,0,001c2000
584,584,0,0,001c2000
585,585,0,0,001c2000
586,586,0,0,001c2000
587,587,0,0,001c2000
588,588,0,0,001c2000
589,589,0,0,001c2000
590,590,0,0,001c2000
591,591,0,0,001c2000
592,592,0,0,001c2000
593,593,0,0,001c2000
594,594,0,0,001c2000
595,595,0,0,001c2000
596,596,0,0,001c2000
597,597,0,0,001c2000
598,598,0,0,001c2000
599,599,0,0,001c2000
600,600,0,0,001c2000
601,601,0,0,001c2000
602,602,0,0,001c2000
603,603,0,0,001c2000
604,604,0,0,001c2000
605,605,0,0,001c2000
606,606,0,0,001c2000
607,607,0,0,001c2000
608,608,0,0,001c2000
609,609,0,0,001c2000
610,610,0,0,001c2000
611,611,0,0,001c2000
612,612,0,0,001c2000
613,613,0,0,001c2000
614,614,0,0,001c2000
615,615,0,0,001c2000
616,616,0,0,001c2000
617,617,0,0,001c2000
618,618,0,0,001c2000
619,619,0,0,001c2000
620,620,0,0,001c2000
621,621,0,0,001c2000
622,622,0,0,001c2000
623,623,0,0,001c2000
624,624,0,0,001c2000
625,625,0,0,001c2000
626,626,0,0,001c2000
627,627,0,0,001c2000
628,628,0,0,001c2000
629,629,0,0,001c2000
630,630,0,0,001c2000
631,631,0,0,001c2000
632,632,0,0,001c2000
633,633,0,0,001c2000
634,634,0,0,001c2000
635,635,0,0,001c2000
636,636,0,0,001c2000
637,637,0,0,001c2000
638,638,0,0,001c2000
639,639,0,0,001c2000
640,640,0,0,001c2000
641,641,0,0,001c2000
642,642,0,0,001c2000
643,643,0,0,001c2000
644,644,0,0,001c2000
645,645,0,0,001c2000
646,646,0,0,001c2000
647,647,0,0,001c2000
648,648,0,0,001c2000
649,649,0,0,001c2000
650,650,0,0,001c2000
651,651,0,0,001c2000
652,652,0,0,001c2000
653,653,0,0,001c2000
654,654,0,0,001c2000
655,655,0,0,001c2000
656,656,0,0,001c2000
657,657,0,0,001c2000
658,658,0,0,001c2000
659,659,0,0,001c2000
660,660,0,0,001c2000
661,661,0,0,001c2000
662,662,0,0,001c2000
663,663,0,0,001c2000
664,664,0,0,001c2000
665,665,0,0,001c2000
666,666,0,0,001c2000
667,667,0,0,001c2000
668,668,0,0,001c2000
669,669,0,0,001c2000
670,670,0,0,001c2000
671,671,0,0,001c2000
672,672,0,0,001c2000
673,673,0,0,001c2000
674,674,0,0,001c2000
675,675,0,0,001c2000
676,676,0,0,001c2000
677,677,0,0,001c2000
678,678,0,0,001c2000
679,679,0,0,001c2000
680,680,0,0,001c2000
681,681,0,0,001c2000
682,682,0,0,001c2000
683,683,0,0,001c2000
684,684,0,0,001c2000
685,685,0,0,001c2000
686,686,0,0,001c2000
687,687,0,0,001c2000
688,688,0,0,001c2000
689,689,0,0,001c2000
690,690,0,0,001c2000
691,691,0,0,001c2000
692,692,0,0,001c2000
693,693,0,0,001c2000
694,694,0,0,001c2000
695,695,0,0,001c2000
696,696,0,0,001c2000
697,697,0,0,001c2000
698,698,0,0,001c2000
699,699,0,0,001c2000
700,700,0,0,001c2000
701,701,0,0,001c2000
702,702,0,0,001c2000
703,703,0,0,001c2000
704,704,0,0,001c2000
705,705,0,0,001c2000
706,706,0,0,001c2000
707,707,0,0,001c2000
708,708,0,0,001c2000
709,709,0,0,001c2000
710,710,0,0,001c2000
711,711,0,0,001c2000
712,712,0,0,001c2000
713,713,0,0,001c2000
714,714,0,0,001c2000
715,715,0,0,001c2000
716,716,0,0,001c2000
717,717,0,0,001c2000
718,718,0,0,001c2000
719,719,0,0,001c2000
720,720,0,0,001c2000
721,721,0,0,001c2000
722,722,0,0,001c2000
723,723,0,0,001c2000
724,724,0,0,001c2000
725,725,0,0,001c2000
726,726,0,0,001c2000
727,727,0,0,001c2000
728,728,0,0,001c2000
729,729,0,0,001c2000
730,730,0,0,001c2000
731,731,0,0,001c2000
732,732,0,0,001c2000
733,733,0,0,001c2000
734,734,0,0,001c2000
735,735,0,0,001c2000
736,736,0,0,001c2000
737,737,0,0,001c2000
738,738,0,0,001c2000
739,739,0,0,001c2000
740,740,0,0,001c2000
741,741,0,0,001c2000
742,742,0,0,001c2000
743,743,0,0,001c2000
744,744,0,0,001c2000
745,745,0,0,001c2000
746,746,0,0,001c2000
747,747,0,0,001c2000
748,748,0,0,001c2000
749,749,0,0,001c2000
750,750,0,0,001c2000
751,751,0,0,001c2000
752,752,0,0,001c2000
753,753,0,0,001c2000
754,754,0,0,001c2000
755,755,0,0,001c2000
756,756,0,0,001c2000
757,757,0,0,001c2000
758,758,0,0,001c2000
759,759,0,0,001c2000
760,760,0,0,001c2000
761,761,0,0,001c2000
762,762,0,0,001c2000
763,763,0,0,001c2000
764,764,0,0,001c2000
765,765,0,0,001c2000
766,766,0,0,001c2000
767,767,0,0,001c2000
768,768,0,0,001c2000
769,769,0,0,001c2000
770,770,0,0,001c2000
771,771,0,0,001c2000
772,772,0,0,001c2000
773,773,0,0,001c2000
774,774,0,0,001c2000
775,775,0,0,001c2000
776,776,0,0,001c2000
777,777,0,0,001c2000
778,778,0,0,001c2000
779,779,0,0,001c2000
780,780,0,0,001c2000
781,781,0,0,001c2000
782,782,0,0,001c2000
783,783,0,0,001c2000
784,784,0,0,001c2000
785,785,0,0,001c2000
786,786,0,0,001c2000
787,787,0,0,001c2000
788,788,0,0,001c2000
789,789,0,0,001c2000
790,790,0,0,001c2000
791,791,0,0,001c2000
792,792,0,0,001c2000
793,793,0,0,001c2000
794,794,0,0,001c2000
795,795,0,0,001c2000
796,796,0,0,001c2000
797,797,0,0,001c2000
798,798,0,0,001c2000
799,799,0,0,001c2000
800,800,0,0,001c2000
801,801,0,0,001c2000
802,802,0,0,001c2000
803,803,0,0,001c2000
804,804,0,0,001c2000
805,805,0,0,001c2000
806,806,0,0,001c2000
807,807,0,0,001c2000
808,808,0,0,001c2000
809,809,0,0,001c2000
810,810,0,0,001c2000
811,811,0,0,001c2000
812,812,0,0,001c2000
813,813,0,0,001c2000
814,814,0,0,001c2000
815,815,0,0,001c2000
816,816,0,0,001c2000
817,817,0,0,001c2000
818,818,0,0,001c2000
819,819,0,0,001c2000
820,820,0,0,001c2000
821,821,0,0,001c2000
822,822,0,0,001c2000
823,823,0,0,001c2000
824,824,0,0,001c2000
825,825,0,0,001c2000
826,826,0,0,001c2000
827,827,0,0,001c2000
828,828,0,0,001c2000
829,829,0,0,001c2000
830,830,0,0,001c2000
831,831,0,0,001c2000
832,832,0,0,001c2000
833,833,0,0,001c2000
834,834,0,0,001c2000
835,835,0,0,001c2000
836,836,0,0,001c2000
837,837,0,0,001c2000
838,838,0,0,001c2000
839,839,0,0,001c2000
840,840,0,0,001c2000
841,841,0,0,001c2000
842,842,0,0,001c2000
843,843,0,0,001c2000
844,844,0,0,001c2000
845,845,0,0,001c2000
846,846,0,0,001c2000
847,847,0,0,001c2000
848,848,0,0,001c2000
849,849,0,0,001c2000
850,850,0,0,001c2000
851,851,0,0,001c2000
852,852,0,0,001c2000
853,853,0,0,001c2000
854,854,0,0,001c2000
855,855,0,0,001c2000
856,856,0,0,001c2000
857,857,0,0,001c2000
858,858,0,0,001c2000
859,859,0,0,001c2000
860,860,0,0,001c2000
861,861,0,0,001c2000
862,862,0,0,001c2000
863,863,0,0,001c2000
864,864,0,0,001c2000
865,865,0,0,001c2000
866,866,0,0,001c2000
867,867,0,0,001c2000
868,868,0,0,001c2000
869,869,0,0,001c2000
870,870,0,0,001c2000
871,871,0,0,001c2000
872,872,0,0,001c2000
873,873,0,0,001c2000
874,874,0,0,001c2000
875,875,0,0,001c2000
876,876,0,0,001c2000
877,877,0,0,001c2000
878,878,0,0,001c2000
879,879,0,0,001c2000
880,880,0,0,001c2000
881,881,0,0,001c2000
882,882,0,0,001c2000
883,883,0,0,001c2000
884,884,0,0,001c2000
885,885,0,0,001c2000
886,886,0,0,001c2000
887,887,0,0,001c2000
888,888,0,0,001c2000
889,889,0,0,001c2000
890,890,0,0,001c2000
891,891,0,0,001c2000
892,892,0,0,001c2000
893,893,0,0,001c2000
894,894,0,0,001c2000
895,895,0,0,001c2000
896,896,0,0,001c2000
897,897,0,0,001c2000
898,898,0,0,001c2000
899,899,0,0,001c2000
900,900,0,0,001c2000
901,901,0,0,001c2000
902,902,0,0,001c2000
903,903,0,0,001c2000
904,904,0,0,001c2000
905,905,0,0,001c2000
906,906,0,0,001c2000
907,907,0,0,001c2000
908,908,0,0,001c2000
909,909,0,0,001c2000
910,910,0,0,001c2000
911,911,0,0,001c2000
912,912,0,0,001c2000
913,913,0,0,001c2000
914,914,0,0,001c2000
915,915,0,0,001c2000
916,916,0,0,001c2000
917,917,0,0,001c2000
918,918,0,0,001c2000
919,919,0,0,001c2000
920,920,0,0,001c2000
921,921,0,0,001c2000
922,922,0,0,001c2000
923,923,0,0,001c2000
924,924,0,0,001c2000
925,925,0,0,001c2000
926,926,0,0,001c2000
927,927,0,0,001c2000
928,928,0,0,001c2000
929,929,0,0,001c2000
930,930,0,0,001c2000
931,931,0,0,001c2000
932,932,0,0,001c2000
933,933,0,0,001c2000
934,934,0,0,001c2000
935,935,0,0,001c2000
936,936,0,0,001c2000
937,937,0,0,001c2000
938,938,0,0,001c2000
939,939,0,0,001c2000
940,940,0,0,001c2000
941,941,0,0,001c2000
942,942,0,0,001c2000
943,943,0,0,001c2000
944,944,0,0,001c2000
945,945,0,0,001c2000
946,946,0,0,001c2000
947,947,0,0,001c2000
948,948,0,0,001c2000
949,949,0,0,001c2000
950,950,0,0,001c2000
951,951,0,0,001c2000
952,952,0,0,001c2000
953,953,0,0,001c2000
954,954,0,0,001c2000
955,955,0,0,001c2000
956,956,0,0,001c2000
957,957,0,0,001c2000
958,958,0,0,001c2000
959,959,0,0,001c2000
960,960,0,0,001c2000
961,961,0,0,001c2000
962,962,0,0,001c2000
963,963,0,0,001c2000
964,964,0,0,001c2000
965,965,0,0,001c2000
966,966,0,0,001c2000
967,967,0,0,001c2000
968,968,0,0,001c2000
969,969,0,0,001c2000
970,970,0,0,001c2000
971,971,0,0,001c2000
972,972,0,0,001c2000
973,973,0,0,001c2000
974,974,0,0,001c2000
975,975,0,0,001c2000
976,976,0,0,001c2000
977,977,0,0,001c2000
978,978,0,0,001c2000
979,979,0,0,001c2000
980,980,0,0,001c2000
981,981,0,0,001c2000
982,982,0,0,001c2000
983,983,0,0,001c2000
984,984,0,0,001c2000
985,985,0,0,001c2000
986,986,0,0,001c2000
987,987,0,0,001c2000
988,988,0,0,001c2000
989,989,0,0,001c2000
990,990,0,0,001c2000
991,991,0,0,001c2000
992,992,0,0,001c2000
993,993,0,0,001c2000
994,994,0,0,001c2000
995,995,0,0,001c2000
996,996,0,0,001c2000
997,997,0,0,001c2000
998,998,0,0,001c2000
999,999,0,0,001c2000
1000,1000,0,0,001c2000
1001,1001,0,0,001c2000
1002,1002,0,0,001c2000
1003,1003,0,0,001c2000
1004,1004,0,0,001c2000
1005,1005,0,0,001c2000
1006,1006,0,0,001c2000
1007,1007,0,0,001c2000
1008,1008,0,0,001c2000
1009,1009,0,0,001c2000
1010,1010,0,0,001c2000
1011,1011,0,0,001c2000
1012,1012,0,0,001c2000
1013,1013,0,0,001c2000
1014,1014,0,0,001c2000
1015,1015,0,0,001c2000
1016,1016,0,0,001c2000
1017,1017,0,0,001c2000
1018,1018,0,0,001c2000
1019,1019,0,0,001c2000
1020,1020,0,0,001c2000
1021,1021,0,0,001c2000
1022,1022,0,0,001c2000
1023,1023,0,0,001c2000
1024,1024,1,1,001c2000
1025,1025,0,1,00000000
1026,1026,0,0,00000000
1027,1027,0,0,00000000
1028,1028,0,0,00000000
1029,1029,0,0,00000000
1030,1030,0,0,00000000
1031,1031,0,0,00000000
1032,1032,0,0,00000000
1033,1033,0,0,00000000
1034,1034,0,0,00000000
1035,1035,0,0,00000000
1036,1036,0,0,00000000
1037,1037,0,0,00000000
1038,1038,0,0,00000000
1039,1039,0,0,00000000
1040,1040,0,0,00000000
1041,1041,0,0,00000000
1042,1042,0,0,00000000
1043,1043,0,0,00000000
1044,1044,0,0,00000000
1045,1045,0,0,00000000
1046,1046,0,0,00000000
1047,1047,0,0,00000000
1048,1048,0,0,00000000
1049,1049,0,0,00000000
1050,1050,0,0,00000000
1051,1051,0,0,00000000
1052,1052,0,0,00000000
1053,1053,0,0,00000000
1054,1054,0,0,00000000
1055,1055,0,0,00000000
1056,1056,0,0,00000000
1057,1057,0,0,00000000
1058,1058,0,0,00000000
1059,1059,0,0,00000000
1060,1060,0,0,00000000
1061,1061,0,0,00000000
1062,1062,0,0,00000000
1063,1063,0,0,00000000
1064,1064,0,0,00000000
1065,1065,0,0,00000000
1066,1066,0,0,00000000
1067,1067,0,0,00000000
1068,1068,0,0,00000000
1069,1069,0,0,00000000
1070,1070,0,0,00000000
1071,1071,0,0,00000000
1072,1072,0,0,00000000
1073,1073,0,0,00000000
1074,1074,0,0,00000000
1075,1075,0,0,00000000
1076,1076,0,0,00000000
1077,1077,0,0,00000000
1078,1078,0,0,00000000
1079,1079,0,0,00000000
1080,1080,0,0,00000000
1081,1081,0,0,00000000
1082,1082,0,0,00000000
1083,1083,0,0,00000000
1084,1084,0,0,00000000
1085,1085,0,0,00000000
1086,1086,0,0,00000000
1087,1087,0,0,00000000
1088,1088,0,0,00000000
1089,1089,0,0,00000000
1090,1090,0,0,00000000
1091,1091,0,0,00000000
1092,1092,0,0,00000000
1093,1093,0,0,00000000
1094,1094,0,0,00000000
1095,1095,0,0,00000000
1096,1096,0,0,00000000
1097,1097,0,0,00000000
1098,1098,0,0,00000000
1099,1099,0,0,00000000
1100,1100,0,0,00000000
1101,1101,0,0,00000000
1102,1102,0,0,00000000
1103,1103,0,0,00000000
1104,1104,0,0,00000000
1105,1105,0,0,00000000
1106,1106,0,0,00000000
1107,1107,0,0,00000000
1108,1108,0,0,00000000
1109,1109,0,0,00000000
1110,1110,0,0,00000000
1111,1111,0,0,00000000
1112,1112,0,0,00000000
1113,1113,0,0,00000000
1114,1114,0,0,00000000
1115,1115,0,0,00000000
1116,1116,0,0,00000000
1117,1117,0,0,00000000
1118,1118,0,0,00000000
1119,1119,0,0,00000000
1120,1120,0,0,00000000
1121,1121,0,0,00000000
1122,1122,0,0,00000000
1123,1123,0,0,00000000
1124,1124,0,0,00000000
1125,1125,0,0,00000000
1126,1126,0,0,00000000
1127,1127,0,0,00000000
1128,1128,0,0,00000000
1129,1129,0,0,00000000
1130,1130,0,0,00000000
1131,1131,0,0,00000200
1132,1132,0,0,00000200
1133,1133,0,0,00000200
1134,1134,0,0,00000200
1135,1135,0,0,00000200
1136,1136,0,0,00000200
1137,1137,0,0,00000200
1138,1138,0,0,00000200
1139,1139,0,0,00000200
1140,1140,0,0,00000200
1141,1141,0,0,00000200
1142,1142,0,0,00000200
1143,1143,0,0,00000200
1144,1144,0,0,00000200
1145,1145,0,0,00000200
1146,1146,0,0,00000200
1147,1147,0,0,00000200
1148,1148,0,0,00000200
1149,1149,0,0,00000200
1150,1150,0,0,00000200
1151,1151,0,0,00000200
1152,1152,0,0,00000200
1153,1153,0,0,00000200
1154,1154,0,0,00000200
1155,1155,0,0,00000200
1156,1156,0,0,00000200
1157,1157,0,0,00000200
1158,1158,0,0,00000200
1159,1159,0,0,00000200
1160,1160,0,0,00000200
1161,1161,0,0,00000200
1162,1162,0,0,00000200
1163,1163,0,0,00000200
1164,1164,0,0,00000200
1165,1165,0,0,00000200
1166,1166,0,0,00000200
1167,1167,0,0,00000200
1168,1168,0,0,00000200
1169,1169,0,0,00000200
1170,1170,0,0,00000200
1171,1171,0,0,00000200
1172,1172,0,0,00000200
1173,1173,0,0,00000200
1174,1174,0,0,00000200
1175,1175,0,0,00000200
1176,1176,0,0,00000200
1177,1177,0,0,00000200
1178,1178,0,0,00000200
1179,1179,0,0,00000200
1180,1180,0,0,00000200
1181,1181,0,0,00000200
1182,1182,0,0,00000200
1183,1183,0,0,00000200
1184,1184,0,0,00000200
1185,1185,0,0,00000200
1186,1186,0,0,00000200
1187,1187,0,0,00000200
1188,1188,0,0,00000200
1189,1189,0,0,00000200
1190,1190,0,0,00000200
1191,1191,0,0,00000200
1192,1192,0,0,00000200
1193,1193,0,0,00000200
1194,1194,0,0,00000200
1195,1195,0,0,00000200
1196,1196,0,0,00000200
1197,1197,0,0,00000200
1198,1198,0,0,00000200
1199,1199,0,0,00000200
1200,1200,0,0,00000200
1201,1201,0,0,00000200
1202,1202,0,0,00000200
1203,1203,0,0,00000200
1204,1204,0,0,00000200
1205,1205,0,0,00000200
1206,1206,0,0,00000200
1207,1207,0,0,00000200
1208,1208,0,0,00000200
1209,1209,0,0,00000200
1210,1210,0,0,00000200
1211,1211,0,0,00000200
1212,1212,0,0,00000200
1213,1213,0,0,00000200
1214,1214,0,0,00000200
1215,1215,0,0,00000200
1216,1216,0,0,00000200
1217,1217,0,0,00000200
1218,1218,0,0,00000200
1219,1219,0,0,00000200
1220,1220,0,0,00000200
1221,1221,0,0,00000200
1222,1222,0,0,00000200
1223,1223,0,0,00000200
1224,1224,0,0,00000200
1225,1225,0,0,00000200
1226,1226,0,0,00000200
1227,1227,0,0,00000200
1228,1228,0,0,00000200
1229,1229,0,0,00000200
1230,1230,0,0,00000200
1231,1231,0,0,00000200
1232,1232,0,0,00000200
1233,1233,0,0,00000200
1234,1234,0,0,00000200
1235,1235,0,0,00000200
1236,1236,0,0,00000200
1237,1237,0,0,00000200
1238,1238,0,0,00000200
1239,1239,0,0,00000200
1240,1240,0,0,00000200
1241,1241,0,0,00000200
1242,1242,0,0,00000200
1243,1243,0,0,00000200
1244,1244,0,0,00000200
1245,1245,0,0,00000200
1246,1246,0,0,00000200
1247,1247,0,0,00000200
1248,1248,0,0,00000200
1249,1249,0,0,00000200
1250,1250,0,0,00000200
1251,1251,0,0,00000200
1252,1252,0,0,00000200
1253,1253,0,0,00000200
1254,1254,0,0,00000200
1255,1255,0,0,00000200
1256,1256,0,0,00000200
1257,1257,0,0,00000200
1258,1258,0,0,00000200
1259,1259,0,0,00000200
1260,1260,0,0,00000200
1261,1261,0,0,00000200
1262,1262,0,0,00000200
1263,1263,0,0,00000200
1264,1264,0,0,00000200
1265,1265,0,0,00000200
1266,1266,0,0,00000200
1267,1267,0,0,00000200
1268,1268,0,0,00000200
1269,1269,0,0,00000200
1270,1270,0,0,00000200
1271,1271,0,0,00000200
1272,1272,0,0,00000200
1273,1273,0,0,00000200
1274,1274,0,0,00000200
1275,1275,0,0,00000200
1276,1276,0,0,00000200
1277,1277,0,0,00000200
1278,1278,0,0,00000200
1279,1279,0,0,00000200
1280,1280,0,0,00000200
1281,1281,0,0,00000200
1282,1282,0,0,00000200
1283,1283,0,0,00000200
1284,1284,0,0,00000200
1285,1285,0,0,00000200
1286,1286,0,0,00000200
1287,1287,0,0,00000200
1288,1288,0,0,00000200
1289,1289,0,0,00000200
1290,1290,0,0,00000200
1291,1291,0,0,00000200
1292,1292,0,0,00000200
1293,1293,0,0,00000200
1294,1294,0,0,00000200
1295,1295,0,0,00000200
1296,1296,0,0,00000200
1297,1297,0,0,00000200
1298,1298,0,0,00000200
1299,1299,0,0,00000200
1300,1300,0,0,00000200
1301,1301,0,0,00000200
1302,1302,0,0,00000200
1303,1303,0,0,00000200
1304,1304,0,0,00000200
1305,1305,0,0,00000200
1306,1306,0,0,00000200
1307,1307,0,0,00000200
1308,1308,0,0,00000200
1309,1309,0,0,00000200
1310,1310,0,0,00000200
1311,1311,0,0,00000200
1312,1312,0,0,00000200
1313,1313,0,0,00000200
1314,1314,0,0,00000200
1315,1315,0,0,00000200
1316,1316,0,0,00000200
1317,1317,0,0,00000200
1318,1318,0,0,00000200
1319,1319,0,0,00000200
1320,1320,0,0,00000200
1321,1321,0,0,00000200
1322,1322,0,0,00000200
1323,1323,0,0,00000200
1324,1324,0,0,00000200
1325,1325,0,0,00000200
1326,1326,0,0,00000200
1327,1327,0,0,00000200
1328,1328,0,0,00000200
1329,1329,0,0,00000200
1330,1330,0,0,00000200
1331,1331,0,0,00000200
1332,1332,0,0,00000200
1333,1333,0,0,00000200
1334,1334,0,0,00000200
1335,1335,0,0,00000200
1336,1336,0,0,00000200
1337,1337,0,0,00000200
1338,1338,0,0,00000200
1339,1339,0,0,00000200
1340,1340,0,0,00000200
1341,1341,0,0,00000200
1342,1342,0,0,00000200
1343,1343,0,0,00000200
1344,1344,0,0,00000200
1345,1345,0,0,00000200
1346,1346,0,0,00000200
1347,1347,0,0,00000200
1348,1348,0,0,00000200
1349,1349,0,0,00000200
1350,1350,0,0,00000200
1351,1351,0,0,00000200
1352,1352,0,0,00000200
1353,1353,0,0,00000200
1354,1354,0,0,00000200
1355,1355,0,0,00000200
1356,1356,0,0,00000200
1357,1357,0,0,00000200
1358,1358,0,0,00000200
1359,1359,0,0,00000200
1360,1360,0,0,00000200
1361,1361,0,0,00000200
1362,1362,0,0,00000200
1363,1363,0,0,00000200
1364,1364,0,0,00000200
1365,1365,0,0,00000200
1366,1366,0,0,00000200
1367,1367,0,0,00000200
1368,1368,0,0,00000200
1369,1369,0,0,00000200
1370,1370,0,0,00000200
1371,1371,0,0,00000200
1372,1372,0,0,00000200
1373,1373,0,0,00000200
1374,1374,0,0,00000200
1375,1375,0,0,00000200
1376,1376,0,0,00000200
1377,1377,0,0,00000200
1378,1378,0,0,00000200
1379,1379,0,0,00000200
1380,1380,0,0,00000200
1381,1381,0,0,00000200
1382,1382,0,0,00000200
1383,1383,0,0,00000200
1384,1384,0,0,00000200
1385,1385,0,0,00000200
1386,1386,0,0,00000200
1387,1387,0,0,00000200
1388,1388,0,0,00000200
1389,1389,0,0,00000200
1390,1390,0,0,00000200
1391,1391,0,0,00000200
1392,1392,0,0,00000200
1393,1393,0,0,00000200
1394,1394,0,0,00000200
1395,1395,0,0,00000200
1396,1396,0,0,00000200
1397,1397,0,0,00000200
1398,1398,0,0,00000200
1399,1399,0,0,00000200
1400,1400,0,0,00000200
1401,1401,0,0,00000200
1402,1402,0,0,00000200
1403,1403,0,0,00000200
1404,1404,0,0,00000200
1405,1405,0,0,00000200
1406,1406,0,0,00000200
1407,1407,0,0,00000200
1408,1408,0,0,00000200
1409,1409,0,0,00000200
1410,1410,0,0,00000200
1411,1411,0,0,00000200
1412,1412,0,0,00000200
1413,1413,0,0,00000200
1414,1414,0,0,00000200
1415,1415,0,0,00000200
1416,1416,0,0,00000200
1417,1417,0,0,00000200
1418,1418,0,0,00000200
1419,1419,0,0,00000200
1420,1420,0,0,00000200
1421,1421,0,0,00000200
1422,1422,0,0,00000200
1423,1423,0,0,00000200
1424,1424,0,0,00000200
1425,1425,0,0,00000200
1426,1426,0,0,00000200
1427,1427,0,0,00000200
1428,1428,0,0,00000200
1429,1429,0,0,00000200
1430,1430,0,0,00000200
1431,1431,0,0,00000200
1432,1432,0,0,00000200
1433,1433,0,0,00000200
1434,1434,0,0,00000200
1435,1435,0,0,00000200
1436,1436,0,0,00000200
1437,1437,0,0,00000200
1438,1438,0,0,00000200
1439,1439,0,0,00000200
1440,1440,0,0,00000200
1441,1441,0,0,00000200
1442,1442,0,0,00000200
1443,1443,0,0,00000200
1444,1444,0,0,00000200
1445,1445,0,0,00000200
1446,1446,0,0,00000200
1447,1447,0,0,00000200
1448,1448,0,0,00000200
1449,1449,0,0,00000200
1450,1450,0,0,00000200
1451,1451,0,0,00000200
1452,1452,0,0,00000200
1453,1453,0,0,00000200
1454,1454,0,0,00000200
1455,1455,0,0,00000200
1456,1456,0,0,00000200
1457,1457,0,0,00000200
1458,1458,0,0,00000200
1459,1459,0,0,00000200
1460,1460,0,0,00000200
1461,1461,0,0,00000200
1462,1462,0,0,00000200
1463,1463,0,0,00000200
1464,1464,0,0,00000200
1465,1465,0,0,00000200
1466,1466,0,0,00000200
1467,1467,0,0,00000200
1468,1468,0,0,00000200
1469,1469,0,0,00000200
1470,1470,0,0,00000200
1471,1471,0,0,00000200
1472,1472,0,0,00000200
1473,1473,0,0,00000200
1474,1474,0,0,00000200
1475,1475,0,0,00000200
1476,1476,0,0,00000200
1477,1477,0,0,00000200
1478,1478,0,0,00000200
1479,1479,0,0,00000200
1480,1480,0,0,00000200
1481,1481,0,0,00000200
1482,1482,0,0,00000200
1483,1483,0,0,00000200
1484,1484,0,0,00000200
1485,1485,0,0,00000200
1486,1486,0,0,00000200
1487,1487,0,0,00000200
1488,1488,0,0,00000200
1489,1489,0,0,00000200
1490,1490,0,0,00000200
1491,1491,0,0,00000200
1492,1492,0,0,00000200
1493,1493,0,0,00000200
1494,1494,0,0,00000200
1495,1495,0,0,00000200
1496,1496,0,0,00000200
1497,1497,0,0,00000200
1498,1498,0,0,00000200
1499,1499,0,0,00000200
1500,1500,0,0,00000200
1501,1501,0,0,00000200
1502,1502,0,0,00000200
1503,1503,0,0,00000200
1504,1504,0,0,00000200
1505,1505,0,0,00000200
1506,1506,0,0,00000200
1507,1507,0,0,00000200
1508,1508,0,0,00000200
1509,1509,0,0,00000200
1510,1510,0,0,00000200
1511,1511,0,0,00000200
1512,1512,0,0,00000200
1513,1513,0,0,00000200
1514,1514,0,0,00000200
1515,1515,0,0,00000200
1516,1516,0,0,00000200
1517,1517,0,0,00000200
1518,1518,0,0,00000200
1519,1519,0,0,00000200
1520,1520,0,0,00000200
1521,1521,0,0,00000200
1522,1522,0,0,00000200
1523,1523,0,0,00000200
1524,1524,0,0,00000200
1525,1525,0,0,00000200
1526,1526,0,0,00000200
1527,1527,0,0,00000200
1528,1528,0,0,00000200
1529,1529,0,0,00000200
1530,1530,0,0,00000200
1531,1531,0,0,00000200
1532,1532,0,0,00000200
1533,1533,0,0,00000200
1534,1534,0,0,00000200
1535,1535,0,0,00000200
1536,1536,0,0,00000200
1537,1537,0,0,00000200
1538,1538,0,0,00000200
1539,1539,0,0,00000200
1540,1540,0,0,00000200
1541,1541,0,0,00000200
1542,1542,0,0,00000200
1543,1543,0,0,00000200
1544,1544,0,0,00000200
1545,1545,0,0,00000200
1546,1546,0,0,00000200
1547,1547,0,0,00000200
1548,1548,0,0,00000200
1549,1549,0,0,00000200
1550,1550,0,0,00000200
1551,1551,0,0,00000200
1552,1552,0,0,00000200
1553,1553,0,0,00000200
1554,1554,0,0,00000200
1555,1555,0,0,00000200
1556,1556,0,0,00000200
1557,1557,0,0,00000200
1558,1558,0,0,00000200
1559,1559,0,0,00000200
1560,1560,0,0,00000200
1561,1561,0,0,00000200
1562,1562,0,0,00000200
1563,1563,0,0,00000200
1564,1564,0,0,00000200
1565,1565,0,0,00000200
1566,1566,0,0,00000200
1567,1567,0,0,00000200
1568,1568,0,0,00000200
1569,1569,0,0,00000200
1570,1570,0,0,00000200
1571,1571,0,0,00000200
1572,1572,0,0,00000200
1573,1573,0,0,00000200
1574,1574,0,0,00000200
1575,1575,0,0,00000200
1576,1576,0,0,00000200
1577,1577,0,0,00000200
1578,1578,0,0,00000200
1579,1579,0,0,00000200
1580,1580,0,0,00000200
1581,1581,0,0,00000200
1582,1582,0,0,00000200
1583,1583,0,0,00000200
1584,1584,0,0,00000200
1585,1585,0,0,00000200
1586,1586,0,0,00000200
1587,1587,0,0,00000200
1588,1588,0,0,00000200
1589,1589,0,0,00000200
1590,1590,0,0,00000200
1591,1591,0,0,00000200
1592,1592,0,0,00000200
1593,1593,0,0,00000200
1594,1594,0,0,00000200
1595,1595,0,0,00000200
1596,1596,0,0,00000200
1597,1597,0,0,00000200
1598,1598,0,0,00000200
1599,1599,0,0,00000200
1600,1600,0,0,00000200
1601,1601,0,0,00000200
1602,1602,0,0,00000200
1603,1603,0,0,00000200
1604,1604,0,0,00000200
1605,1605,0,0,00000200
1606,1606,0,0,00000200
1607,1607,0,0,00000200
1608,1608,0,0,00000200
1609,1609,0,0,00000200
1610,1610,0,0,00000200
1611,1611,0,0,00000200
1612,1612,0,0,00000200
1613,1613,0,0,00000200
1614,1614,0,0,00000200
1615,1615,0,0,00000200
1616,1616,0,0,00000200
1617,1617,0,0,00000200
1618,1618,0,0,00000200
1619,1619,0,0,00000200
1620,1620,0,0,00000200
1621,1621,0,0,00000200
1622,1622,0,0,00000200
1623,1623,0,0,00000200
1624,1624,0,0,00000200
1625,1625,0,0,00000200
1626,1626,0,0,00000200
1627,1627,0,0,00000200
1628,1628,0,0,00000200
1629,1629,0,0,00000200
1630,1630,0,0,00000200
1631,1631,0,0,00000200
1632,1632,0,0,00000200
1633,1633,0,0,00000200
1634,1634,0,0,00000200
1635,1635,0,0,00000200
1636,1636,0,0,00000200
1637,1637,0,0,00000200
1638,1638,0,0,00000200
1639,1639,0,0,00000200
1640,1640,0,0,00000200
1641,1641,0,0,00000200
1642,1642,0,0,00000200
1643,1643,0,0,00000200
1644,1644,0,0,00000200
1645,1645,0,0,00000200
1646,1646,0,0,00000200
1647,1647,0,0,00000200
1648,1648,0,0,00000200
1649,1649,0,0,00000200
1650,1650,0,0,00000200
1651,1651,0,0,00000200
1652,1652,0,0,00000200
1653,1653,0,0,00000200
1654,1654,0,0,00000200
1655,1655,0,0,00000200
1656,1656,0,0,00000200
1657,1657,0,0,00000200
1658,1658,0,0,00000200
1659,1659,0,0,00000200
1660,1660,0,0,00000200
1661,1661,0,0,00000200
1662,1662,0,0,00000200
1663,1663,0,0,00000200
1664,1664,0,0,00000200
1665,1665,0,0,00000200
1666,1666,0,0,00000200
1667,1667,0,0,00000200
1668,1668,0,0,00000200
1669,1669,0,0,00000200
1670,1670,0,0,00000200
1671,1671,0,0,00000200
1672,1672,0,0,00000200
1673,1673,0,0,00000200
1674,1674,0,0,00000200
1675,1675,0,0,00000200
1676,1676,0,0,00000200
1677,1677,0,0,00000200
1678,1678,0,0,00000200
1679,1679,0,0,00000200
1680,1680,0,0,00000200
1681,1681,0,0,00000200
1682,1682,0,0,00000200
1683,1683,0,0,00000200
1684,1684,0,0,00000200
1685,1685,0,0,00000200
1686,1686,0,0,00000200
1687,1687,0,0,00000200
1688,1688,0,0,00000200
1689,1689,0,0,00000200
1690,1690,0,0,00000200
1691,1691,0,0,00000200
1692,1692,0,0,00000200
1693,1693,0,0,00000200
1694,1694,0,0,00000200
1695,1695,0,0,00000200
1696,1696,0,0,00000200
1697,1697,0,0,00000200
1698,1698,0,0,00000200
1699,1699,0,0,00000200
1700,1700,0,0,00000200
1701,1701,0,0,00000200
1702,1702,0,0,00000200
1703,1703,0,0,00000200
1704,1704,0,0,00000200
1705,1705,0,0,00000200
1706,1706,0,0,00000200
1707,1707,0,0,00000200
1708,1708,0,0,00000200
1709,1709,0,0,00000200
1710,1710,0,0,00000200
1711,1711,0,0,00000200
1712,1712,0,0,00000200
1713,1713,0,0,00000200
1714,1714,0,0,00000200
1715,1715,0,0,00000200
1716,1716,0,0,00000200
1717,1717,0,0,00000200
1718,1718,0,0,00000200
1719,1719,0,0,00000200
1720,1720,0,0,00000200
1721,1721,0,0,00000200
1722,1722,0,0,00000200
1723,1723,0,0,00000200
1724,1724,0,0,00000200
1725,1725,0,0,00000200
1726,1726,0,0,00000200
1727,1727,0,0,00000200
1728,1728,0,0,00000200
1729,1729,0,0,00000200
1730,1730,0,0,00000200
1731,1731,0,0,00000200
1732,1732,0,0,00000200
1733,1733,0,0,00000200
1734,1734,0,0,00000200
1735,1735,0,0,00000200
1736,1736,0,0,00000200
1737,1737,0,0,00000200
1738,1738,0,0,00000200
1739,1739,0,0,00000200
1740,1740,0,0,00000200
1741,1741,0,0,00000200
1742,1742,0,0,00000200
1743,1743,0,0,00000200
1744,1744,0,0,00000200
1745,1745,0,0,00000200
1746,1746,0,0,00000200
1747,1747,0,0,00000200
1748,1748,0,0,00000200
1749,1749,0,0,00000200
1750,1750,0,0,00000200
1751,1751,0,0,00000200
1752,1752,0,0,00000200
1753,1753,0,0,00000200
1754,1754,0,0,00000200
1755,1755,0,0,00000200
1756,1756,0,0,00000200
1757,1757,0,0,00000200
1758,1758,0,0,00000200
1759,1759,0,0,00000200
1760,1760,0,0,00000200
1761,1761,0,0,00000200
1762,1762,0,0,00000200
1763,1763,0,0,00000200
1764,1764,0,0,00000200
1765,1765,0,0,00000200
1766,1766,0,0,00000200
1767,1767,0,0,00000200
1768,1768,0,0,00000200
1769,1769,0,0,00000200
1770,1770,0,0,00000200
1771,1771,0,0,00000200
1772,1772,0,0,00000200
1773,1773,0,0,00000200
1774,1774,0,0,00000200
1775,1775,0,0,00000200
1776,1776,0,0,00000200
1777,1777,0,0,00000200
1778,1778,0,0,00000200
1779,1779,0,0,00000200
1780,1780,0,0,00000200
1781,1781,0,0,00000200
1782,1782,0,0,00000200
1783,1783,0,0,00000200
1784,1784,0,0,00000200
1785,1785,0,0,00000200
1786,1786,0,0,00000200
1787,1787,0,0,00000200
1788,1788,0,0,00000200
1789,1789,0,0,00000200
1790,1790,0,0,00000200
1791,1791,0,0,00000200
1792,1792,0,0,00000200
1793,1793,0,0,00000200
1794,1794,0,0,00000200
1795,1795,0,0,00000200
1796,1796,0,0,00000200
1797,1797,0,0,00000200
1798,1798,0,0,00000200
1799,1799,0,0,00000200
1800,1800,0,0,00000200
1801,1801,0,0,00000200
1802,1802,0,0,00000200
1803,1803,0,0,00000200
1804,1804,0,0,00000200
1805,1805,0,0,00000200
1806,1806,0,0,00000200
1807,1807,0,0,00000200
1808,1808,0,0,00000200
1809,1809,0,0,00000200
1810,1810,0,0,00000200
1811,1811,0,0,00000200
1812,1812,0,0,00000200
1813,1813,0,0,00000200
1814,1814,0,0,00000200
1815,1815,0,0,00000200
1816,1816,0,0,00000200
1817,1817,0,0,00000200
1818,1818,0,0,00000200
1819,1819,0,0,00000200
1820,1820,0,0,00000200
1821,1821,0,0,00000200
1822,1822,0,0,00000200
1823,1823,0,0,00000200
1824,1824,0,0,00000200
1825,1825,0,0,00000200
1826,1826,0,0,00000200
1827,1827,0,0,00000200
1828,1828,0,0,00000200
1829,1829,0,0,00000200
1830,1830,0,0,00000200
1831,1831,0,0,00000200
1832,1832,0,0,00000200
1833,1833,0,0,00000200
1834,1834,0,0,00000200
1835,1835,0,0,00000200
1836,1836,0,0,00000200
1837,1837,0,0,00000200
1838,1838,0,0,00000200
1839,1839,0,0,00000200
1840,1840,0,0,00000200
1841,1841,0,0,00000200
1842,1842,0,0,00000200
1843,1843,0,0,00000200
1844,1844,0,0,00000200
1845,1845,0,0,00000200
1846,1846,0,0,00000200
1847,1847,0,0,00000200
1848,1848,0,0,00000200
1849,1849,0,0,00000200
1850,1850,0,0,00000200
1851,1851,0,0,00000200
1852,1852,0,0,00000200
1853,1853,0,0,00000200
1854,1854,0,0,00000200
1855,1855,0,0,00000200
1856,1856,0,0,00000200
1857,1857,0,0,00000200
1858,1858,0,0,00000200
1859,1859,0,0,00000200
1860,1860,0,0,00000200
1861,1861,0,0,00000200
1862,1862,0,0,00000200
1863,1863,0,0,00000200
1864,1864,0,0,00000200
1865,1865,0,0,00000200
1866,1866,0,0,00000200
1867,1867,0,0,00000200
1868,1868,0,0,00000200
1869,1869,0,0,00000200
1870,1870,0,0,00000200
1871,1871,0,0,00000200
1872,1872,0,0,00000200
1873,1873,0,0,00000200
1874,1874,0,0,00000200
1875,1875,0,0,00000200
1876,1876,0,0,00000200
1877,1877,0,0,00000200
1878,1878,0,0,00000200
1879,1879,0,0,00000200
1880,1880,0,0,00000200
1881,1881,0,0,00000200
1882,1882,0,0,00000200
1883,1883,0,0,00000200
1884,1884,0,0,00000200
1885,1885,0,0,00000200
1886,1886,0,0,00000200
1887,1887,0,0,00000200
1888,1888,0,0,00000200
1889,1889,0,0,00000200
1890,1890,0,0,00000200
1891,1891,0,0,00000200
1892,1892,0,0,00000200
1893,1893,0,0,00000200
1894,1894,0,0,00000200
1895,1895,0,0,00000200
1896,1896,0,0,00000200
1897,1897,0,0,00000200
1898,1898,0,0,00000200
1899,1899,0,0,00000200
1900,1900,0,0,00000200
1901,1901,0,0,00000200
1902,1902,0,0,00000200
1903,1903,0,0,00000200
1904,1904,0,0,00000200
1905,1905,0,0,00000200
1906,1906,0,0,00000200
1907,1907,0,0,00000200
1908,1908,0,0,00000200
1909,1909,0,0,00000200
1910,1910,0,0,00000200
1911,1911,0,0,00000200
1912,1912,0,0,00000200
1913,1913,0,0,00000200
1914,1914,0,0,00000200
1915,1915,0,0,00000200
1916,1916,0,0,00000200
1917,1917,0,0,00000200
1918,1918,0,0,00000200
1919,1919,0,0,00000200
1920,1920,0,0,00000200
1921,1921,0,0,00000200
1922,1922,0,0,00000200
1923,1923,0,0,00000200
1924,1924,0,0,00000200
1925,1925,0,0,00000200
1926,1926,0,0,00000200
1927,1927,0,0,00000200
1928,1928,0,0,00000200
1929,1929,0,0,00000200
1930,1930,0,0,00000200
1931,1931,0,0,00000200
1932,1932,0,0,00000200
1933,1933,0,0,00000200
1934,1934,0,0,00000200
1935,1935,0,0,00000200
1936,1936,0,0,00000200
1937,1937,0,0,00000200
1938,1938,0,0,00000200
1939,1939,0,0,00000200
1940,1940,0,0,00000200
1941,1941,0,0,00000200
1942,1942,0,0,00000200
1943,1943,0,0,00000200
1944,1944,0,0,00000200
1945,1945,0,0,00000200
1946,1946,0,0,00000200
1947,1947,0,0,00000200
1948,1948,0,0,00000200
1949,1949,0,0,00000200
1950,1950,0,0,00000200
1951,1951,0,0,00000200
1952,1952,0,0,00000200
1953,1953,0,0,00000200
1954,1954,0,0,00000200
1955,1955,0,0,00000200
1956,1956,0,0,00000200
1957,1957,0,0,00000200
1958,1958,0,0,00000200
1959,1959,0,0,00000200
1960,1960,0,0,00000200
1961,1961,0,0,00000200
1962,1962,0,0,00000200
1963,1963,0,0,00000200
1964,1964,0,0,00000200
1965,1965,0,0,00000200
1966,1966,0,0,00000200
1967,1967,0,0,00000200
1968,1968,0,0,00000200
1969,1969,0,0,00000200
1970,1970,0,0,00000200
1971,1971,0,0,00000200
1972,1972,0,0,00000200
1973,1973,0,0,00000200
1974,1974,0,0,00000200
1975,1975,0,0,00000200
1976,1976,0,0,00000200
1977,1977,0,0,00000200
1978,1978,0,0,00000200
1979,1979,0,0,00000200
1980,1980,0,0,00000200
1981,1981,0,0,00000200
1982,1982,0,0,00000200
1983,1983,0,0,00000200
1984,1984,0,0,00000200
1985,1985,0,0,00000200
1986,1986,0,0,00000200
1987,1987,0,0,00000200
1988,1988,0,0,00000200
1989,1989,0,0,00000200
1990,1990,0,0,00000200
1991,1991,0,0,00000200
1992,1992,0,0,00000200
1993,1993,0,0,00000200
1994,1994,0,0,00000200
1995,1995,0,0,00000200
1996,1996,0,0,00000200
1997,1997,0,0,00000200
1998,1998,0,0,00000200
1999,1999,0,0,00000200
2000,2000,0,0,00000200
2001,2001,0,0,00000200
2002,2002,0,0,00000200
2003,2003,0,0,00000200
2004,2004,0,0,00000200
2005,2005,0,0,00000200
2006,2006,0,0,00000200
2007,2007,0,0,00000200
2008,2008,0,0,00000200
2009,2009,0,0,00000200
2010,2010,0,0,00000200
2011,2011,0,0,00000200
2012,2012,0,0,00000200
2013,2013,0,0,00000200
2014,2014,0,0,00000200
2015,2015,0,0,00000200
2016,2016,0,0,00000200
2017,2017,0,0,00000200
2018,2018,0,0,00000200
2019,2019,0,0,00000200
2020,2020,0,0,00000200
2021,2021,0,0,00000200
2022,2022,0,0,00000200
2023,2023,0,0,00000200
2024,2024,0,0,00000200
2025,2025,0,0,00000200
2026,2026,0,0,00000200
2027,2027,0,0,00000200
2028,2028,0,0,00000200
2029,2029,0,0,00000200
2030,2030,0,0,00000200
2031,2031,0,0,00000200
2032,2032,0,0,00000200
2033,2033,0,0,00000200
2034,2034,0,0,00000200
2035,2035,0,0,00000200
2036,2036,0,0,00000200
2037,2037,0,0,00000200
2038,2038,0,0,00000200
2039,2039,0,0,00000200
2040,2040,0,0,00000200
2041,2041,0,0,00000200
2042,2042,0,0,00000200
2043,2043,0,0,00000200
2044,2044,0,0,00000200
2045,2045,0,0,00000200
2046,2046,0,0,00000200
2047,2047,0,0,00000200
